{
  "HomePage" : {
    "transaction" : "HomePage",
    "sampleCount" : 1,
    "errorCount" : 0,
    "errorPct" : 0.0,
    "meanResTime" : 1317.0,
    "medianResTime" : 1317.0,
    "minResTime" : 1317.0,
    "maxResTime" : 1317.0,
    "pct1ResTime" : 1317.0,
    "pct2ResTime" : 1317.0,
    "pct3ResTime" : 1317.0,
    "throughput" : 0.7593014426727411,
    "receivedKBytesPerSec" : 29.13596834662111,
    "sentKBytesPerSec" : 0.10232773348519363
  },
  "Total" : {
    "transaction" : "Total",
    "sampleCount" : 1,
    "errorCount" : 0,
    "errorPct" : 0.0,
    "meanResTime" : 1317.0,
    "medianResTime" : 1317.0,
    "minResTime" : 1317.0,
    "maxResTime" : 1317.0,
    "pct1ResTime" : 1317.0,
    "pct2ResTime" : 1317.0,
    "pct3ResTime" : 1317.0,
    "throughput" : 0.7593014426727411,
    "receivedKBytesPerSec" : 29.13596834662111,
    "sentKBytesPerSec" : 0.10232773348519363
  }
}